{
  "dataset_reader": {
    "class_name": "basic_classification_reader",
    "x": "text",
    "y": "label",
    "data_path": "{DOWNLOADS_PATH}/rusentiment/",
    "train": "rusentiment_random_posts.csv",
    "test": "rusentiment_test.csv"
  },
  "dataset_iterator": {
    "class_name": "basic_classification_iterator",
    "seed": 42,
    "field_to_split": "train",
    "split_seed": 23,
    "split_fields": [
      "train",
      "valid"
    ],
    "split_proportions": [
      0.9,
      0.1
    ]
  },
  "chainer": {
    "in": [
      "x"
    ],
    "in_y": [
      "y"
    ],
    "pipe": [
      {
        "id": "classes_vocab",
        "class_name": "simple_vocab",
        "fit_on": [
          "y"
        ],
        "save_path": "{MODEL_PATH}/classes.dict",
        "load_path": "{MODEL_PATH}/classes.dict",
        "in": "y",
        "out": "y_ids"
      },
      {
        "in": [
          "x"
        ],
        "out": [
          "x_prep"
        ],
        "class_name": "dirty_comments_preprocessor",
        "remove_punctuation": false
      },
      {
        "in": "x_prep",
        "out": "x_tok",
        "id": "my_tokenizer",
        "class_name": "nltk_tokenizer",
        "tokenizer": "wordpunct_tokenize"
      },
      {
        "in": "x_tok",
        "out": "x_emb",
        "id": "my_embedder",
        "class_name": "fasttext",
        "load_path": "{DOWNLOADS_PATH}/embeddings/ft_native_300_ru_twitter_nltk_word_tokenize.bin",
        "dim": 300,
        "pad_zero": true
      },
      {
        "in": "y_ids",
        "out": "y_onehot",
        "class_name": "one_hotter",
        "depth": "#classes_vocab.len",
        "single_vector": true
      },
      {
        "in": [
          "x_emb"
        ],
        "in_y": [
          "y_onehot"
        ],
        "out": [
          "y_pred_probas"
        ],
        "main": true,
        "class_name": "keras_classification_model",
        "save_path": "{MODEL_PATH}/model",
        "load_path": "{MODEL_PATH}/model",
        "embedding_size": "#my_embedder.dim",
        "n_classes": "#classes_vocab.len",
        "units_gru": 256,
        "optimizer": "Adam",
        "learning_rate": 0.001,
        "learning_rate_decay": "trapezoid",
        "learning_rate_decay_batches": 10000,
        "fit_batch_size": 64,
        "fit_on": ["x_emb", "y_onehot"],
        "momentum": [0.95, 0.55],
        "momentum_decay": "trapezoid",
        "momentum_decay_batches": 10000,
        "loss": "categorical_crossentropy",
        "last_layer_activation": "softmax",
        "coef_reg_gru": 1e-6,
        "coef_reg_den": 1e-6,
        "dropout_rate": 0.2,
        "rec_dropout_rate": 0.2,
        "dense_size": 100,
        "model_name": "bigru_with_max_aver_pool_model"
      },
      {
        "in": "y_pred_probas",
        "out": "y_pred_ids",
        "class_name": "proba2labels",
        "max_proba": true
      },
      {
        "in": "y_pred_ids",
        "out": "y_pred_labels",
        "ref": "classes_vocab"
      }
    ],
    "out": [
      "y_pred_labels"
    ]
  },
  "train": {
    "epochs": 100,
    "batch_size": 64,
    "metrics": [
      "f1_weighted",
      "f1_macro",
      "sets_accuracy",
      {
        "name": "roc_auc",
        "inputs": ["y_onehot", "y_pred_probas"]
      }
    ],
    "validation_patience": 5,
    "val_every_n_epochs": 1,
    "log_every_n_epochs": 1,
    "show_examples": false,
    "validate_best": true,
    "test_best": true,
    "tensorboard_log_dir": "{MODEL_PATH}/logs"
  },
  "metadata": {
    "variables": {
      "ROOT_PATH": "~/.deeppavlov",
      "DOWNLOADS_PATH": "{ROOT_PATH}/downloads",
      "MODELS_PATH": "{ROOT_PATH}/models",
      "MODEL_PATH": "{MODELS_PATH}/classifiers/rusentiment_v14"
    },
    "requirements": [
      "{DEEPPAVLOV_PATH}/requirements/tf.txt",
      "{DEEPPAVLOV_PATH}/requirements/fasttext.txt"
    ],
    "labels": {
      "telegram_utils": "IntentModel",
      "server_utils": "KerasIntentModel"
    },
    "download": [
      {
        "url": "http://files.deeppavlov.ai/embeddings/ft_native_300_ru_twitter_nltk_word_tokenize.bin",
        "subdir": "{DOWNLOADS_PATH}/embeddings"
      },
      {
        "url": "http://files.deeppavlov.ai/deeppavlov_data/classifiers/rusentiment_v14.tar.gz",
        "subdir": "{MODELS_PATH}/classifiers"
      }
    ]
  }
}
