{
  "dataset_reader": {
    "class_name": "basic_classification_reader",
    "x": "text",
    "y": "label",
    "data_path": "{DOWNLOADS_PATH}/rusentiment/",
    "train": "rusentiment_random_posts.csv",
    "test": "rusentiment_test.csv"
  },
  "dataset_iterator": {
    "class_name": "basic_classification_iterator",
    "seed": 42,
    "split_seed": 23,
    "field_to_split": "train",
    "split_fields": [
      "train",
      "valid"
    ],
    "split_proportions": [
      0.9,
      0.1
    ]
  },
  "chainer": {
    "in": [
      "x"
    ],
    "in_y": [
      "y"
    ],
    "pipe": [
      {
        "class_name": "bert_preprocessor",
        "vocab_file": "{DOWNLOADS_PATH}/bert_models/multi_cased_L-12_H-768_A-12/vocab.txt",
        "do_lower_case": false,
        "max_seq_length": 64,
        "in": [
          "x"
        ],
        "out": [
          "bert_features"
        ]
      },
      {
        "id": "classes_vocab",
        "class_name": "simple_vocab",
        "fit_on": [
          "y"
        ],
        "save_path": "{MODEL_PATH}/classes.dict",
        "load_path": "{MODEL_PATH}/classes.dict",
        "in": "y",
        "out": "y_ids"
      },
      {
        "in": "y_ids",
        "out": "y_onehot",
        "class_name": "one_hotter",
        "depth": "#classes_vocab.len",
        "single_vector": true
      },
      {
        "class_name": "bert_classifier",
        "n_classes": "#classes_vocab.len",
        "return_probas": true,
        "one_hot_labels": true,
        "bert_config_file": "{DOWNLOADS_PATH}/bert_models/multi_cased_L-12_H-768_A-12/bert_config.json",
        "pretrained_bert": "{DOWNLOADS_PATH}/bert_models/multi_cased_L-12_H-768_A-12/bert_model.ckpt",
        "save_path": "{MODEL_PATH}/model",
        "load_path": "{MODEL_PATH}/model",
        "keep_prob": 0.5,
        "learning_rate": 1e-05,
        "learning_rate_drop_patience": 5,
        "learning_rate_drop_div": 2.0,
        "in": [
          "bert_features"
        ],
        "in_y": [
          "y_onehot"
        ],
        "out": [
          "y_pred_probas"
        ]
      },
      {
        "in": "y_pred_probas",
        "out": "y_pred_ids",
        "class_name": "proba2labels",
        "max_proba": true
      },
      {
        "in": "y_pred_ids",
        "out": "y_pred_labels",
        "ref": "classes_vocab"
      }
    ],
    "out": [
      "y_pred_labels"
    ]
  },
  "train": {
    "batch_size": 64,
    "epochs": 100,
    "metrics": [
      "f1_weighted",
      "f1_macro",
      "sets_accuracy",
      {
        "name": "roc_auc",
        "inputs": [
          "y_onehot",
          "y_pred_probas"
        ]
      }
    ],
    "show_examples": false,
    "pytest_max_batches": 2,
    "validation_patience": 5,
    "val_every_n_epochs": 1,
    "log_every_n_epochs": 1,
    "evaluation_targets": [
      "train",
      "valid",
      "test"
    ],
    "tensorboard_log_dir": "{MODEL_PATH}/"
  },
  "metadata": {
    "variables": {
      "ROOT_PATH": "~/.deeppavlov",
      "DOWNLOADS_PATH": "{ROOT_PATH}/downloads",
      "MODELS_PATH": "{ROOT_PATH}/models",
      "MODEL_PATH": "{MODELS_PATH}/classifiers/rusentiment_bert_v0/"
    },
    "requirements": [
      "{DEEPPAVLOV_PATH}/requirements/tf.txt",
      "{DEEPPAVLOV_PATH}/requirements/bert_dp.txt"
    ],
    "labels": {
      "telegram_utils": "IntentModel",
      "server_utils": "KerasIntentModel"
    },
    "download": [
      {
        "url": "http://files.deeppavlov.ai/deeppavlov_data/bert/multi_cased_L-12_H-768_A-12.zip",
        "subdir": "{DOWNLOADS_PATH}/bert_models"
      },
      {
        "url": "http://files.deeppavlov.ai/deeppavlov_data/classifiers/rusentiment_bert_v0.tar.gz",
        "subdir": "{MODELS_PATH}/classifiers/"
      }
    ]
  }
}
