{
  "dataset_reader": {
    "class_name": "insurance_reader",
    "data_path": "{DOWNLOADS_PATH}/insurance_data"
  },
  "dataset_iterator": {
    "class_name": "siamese_iterator",
    "random_batches": true,
    "batches_per_epoch": 72,
    "seed": 243
  },
  "chainer": {
    "in": ["x"],
    "in_y": ["y"],
    "pipe": [
      {
        "id": "preproc",
        "class_name": "siamese_preprocessor",
        "use_matrix": false,
        "num_ranking_samples": 500,
        "max_sequence_length": 200,
        "fit_on": ["x"],
        "in": ["x"],
        "out": ["x_proc"],
        "sent_vocab": {
          "id": "siam_sent_vocab",
          "class_name": "simple_vocab",
          "save_path": "{MODELS_PATH}/insurance_vocabs/sent.dict",
          "load_path": "{MODELS_PATH}/insurance_vocabs/sent.dict"
        },
        "tokenizer": {
          "class_name": "split_tokenizer"
        },
        "vocab": {
          "id": "siam_vocab",
          "class_name": "simple_vocab",
          "save_path": "{MODELS_PATH}/insurance_vocabs/tok.dict",
          "load_path": "{MODELS_PATH}/insurance_vocabs/tok.dict"
        },
        "embedder": {
          "id": "siam_embedder",
          "class_name": "fasttext",
          "load_path": "{DOWNLOADS_PATH}/embeddings/wiki.en.bin"
        }
      },
      {
        "id": "embeddings",
        "class_name": "emb_mat_assembler",
        "embedder": "#siam_embedder",
        "vocab": "#siam_vocab"
      },
      {
        "id": "model",
        "class_name": "bilstm_nn",
        "len_vocab": "#siam_vocab.len",
        "use_matrix": "#preproc.use_matrix",
        "max_sequence_length": "#preproc.max_sequence_length",
        "emb_matrix": "#embeddings.emb_mat",
        "embedding_dim": "#siam_embedder.dim",
        "seed": 243,
        "reccurent": "bilstm",
        "max_pooling": true,
        "shared_weights": true,
        "hidden_dim": 300,
        "learning_rate": 1e-3,
        "triplet_loss": true,
        "hard_triplets": false,
        "margin": 0.1,
        "batch_size": 256,
        "save_path": "{MODELS_PATH}/insurance_model/model_weights.h5",
        "load_path": "{MODELS_PATH}/insurance_model/model_weights.h5",
        "preprocess": "#preproc.__call__"
      },
      {
        "in": ["x_proc"],
        "in_y": ["y"],
        "out": ["y_predicted"],
        "class_name": "siamese_predictor",
        "model": "#model",
        "batch_size": "#model.batch_size",
        "interact_pred_num": 3,
        "responses": "#siam_sent_vocab",
        "preproc_func": "#preproc.__call__"
      }
    ],
    "out": ["y_predicted"]
  },
  "train": {
    "epochs": 200,
    "batch_size": 256,
    "pytest_max_batches": 2,
    "train_metrics": [],
    "metrics": ["r@1_insQA", "rank_response"],
    "validation_patience": 5,
    "val_every_n_epochs": 5,
    "log_every_n_batches": 24,
    "class_name": "nn_trainer",
    "evaluation_targets": [
      "valid",
      "test"
    ]
  },
  "metadata": {
    "variables": {
      "ROOT_PATH": "~/.deeppavlov",
      "DOWNLOADS_PATH": "{ROOT_PATH}/downloads",
      "MODELS_PATH": "{ROOT_PATH}/models"
    },
    "requirements": [
      "{DEEPPAVLOV_PATH}/requirements/tf.txt",
      "{DEEPPAVLOV_PATH}/requirements/fasttext.txt"
    ],
    "labels": {
      "telegram_utils": "SiameseModel",
      "server_utils": "Ranker"
    },
    "download": [
      {
        "url": "http://files.deeppavlov.ai/deeppavlov_data/insurance_ranking.tar.gz",
        "subdir": "{MODELS_PATH}"
      },
      {
        "url": "http://files.deeppavlov.ai/datasets/insuranceQA-master.zip",
        "subdir": "{DOWNLOADS_PATH}/insurance_data"
      },
      {
        "url": "http://files.deeppavlov.ai/deeppavlov_data/embeddings/wiki.en.bin",
        "subdir": "{DOWNLOADS_PATH}/embeddings"
      }
    ]
  }
}