{
  "acc": "deeppavlov.metrics.accuracy:round_accuracy",
  "accuracy": "deeppavlov.metrics.accuracy:accuracy",
  "bleu": "deeppavlov.metrics.bleu:bleu",
  "bleu_advanced": "deeppavlov.metrics.bleu:bleu_advanced",
  "elmo_loss2ppl": "deeppavlov.metrics.elmo_metrics:elmo_loss2ppl",
  "f1": "deeppavlov.metrics.fmeasure:round_f1",
  "f1_macro": "deeppavlov.metrics.fmeasure:round_f1_macro",
  "f1_weighted": "deeppavlov.metrics.fmeasure:round_f1_weighted",
  "google_bleu": "deeppavlov.metrics.bleu:google_bleu",
  "kbqa_accuracy": "deeppavlov.metrics.accuracy:kbqa_accuracy",
  "log_loss": "deeppavlov.metrics.log_loss:sk_log_loss",
  "ner_f1": "deeppavlov.metrics.fmeasure:ner_f1",
  "ner_token_f1": "deeppavlov.metrics.fmeasure:ner_token_f1",
  "per_item_accuracy": "deeppavlov.metrics.accuracy:per_item_accuracy",
  "per_item_bleu": "deeppavlov.metrics.bleu:per_item_bleu",
  "per_item_dialog_accuracy": "deeppavlov.metrics.accuracy:per_item_dialog_accuracy",
  "per_item_dialog_bleu": "deeppavlov.metrics.bleu:per_item_dialog_bleu",
  "per_token_accuracy": "deeppavlov.metrics.accuracy:per_token_accuracy",
  "r@1": "deeppavlov.metrics.recall_at_k:r_at_1",
  "r@10": "deeppavlov.metrics.recall_at_k:r_at_10",
  "r@1_insQA": "deeppavlov.models.ranking.metrics:r_at_1_insQA",
  "r@2": "deeppavlov.metrics.recall_at_k:r_at_2",
  "r@5": "deeppavlov.metrics.recall_at_k:r_at_5",
  "rank_response": "deeppavlov.models.ranking.metrics:rank_response",
  "roc_auc": "deeppavlov.metrics.roc_auc_score:roc_auc_score",
  "sets_accuracy": "deeppavlov.metrics.accuracy:sets_accuracy",
  "slots_accuracy": "deeppavlov.metrics.accuracy:slots_accuracy",
  "squad_v1_em": "deeppavlov.metrics.squad_metrics:squad_v1_exact_match",
  "squad_v1_f1": "deeppavlov.metrics.squad_metrics:squad_v1_f1",
  "squad_v2_em": "deeppavlov.metrics.squad_metrics:squad_v2_exact_match",
  "squad_v2_f1": "deeppavlov.metrics.squad_metrics:squad_v2_f1"
}