{
  "aiml_skill": "deeppavlov.skills.aiml_skill.aiml_skill:AIMLSkill",
  "amazon_ecommerce_reader": "deeppavlov.dataset_readers.amazon_ecommerce_reader:AmazonEcommerceReader",
  "api_requester": "deeppavlov.models.api_requester.api_requester:ApiRequester",
  "api_router": "deeppavlov.models.api_requester.api_router:ApiRouter",
  "basic_classification_iterator": "deeppavlov.dataset_iterators.basic_classification_iterator:BasicClassificationDatasetIterator",
  "basic_classification_reader": "deeppavlov.dataset_readers.basic_classification_reader:BasicClassificationDatasetReader",
  "bert_classifier": "deeppavlov.models.bert.bert_classifier:BertClassifierModel",
  "bert_context_add": "deeppavlov.models.preprocessors.bert_preprocessor:BertContextAdd",
  "bert_ner": "deeppavlov.models.bert.bert_ner:BertNerModel",
  "bert_ner_preprocessor": "deeppavlov.models.preprocessors.bert_preprocessor:BertNerPreprocessor",
  "bert_preprocessor": "deeppavlov.models.preprocessors.bert_preprocessor:BertPreprocessor",
  "bert_ranker": "deeppavlov.models.bert.bert_ranker:BertRankerModel",
  "bert_ranker_preprocessor": "deeppavlov.models.preprocessors.bert_preprocessor:BertRankerPreprocessor",
  "bert_sep_ranker": "deeppavlov.models.bert.bert_ranker:BertSepRankerModel",
  "bert_sep_ranker_predictor": "deeppavlov.models.bert.bert_ranker:BertSepRankerPredictor",
  "bert_sep_ranker_predictor_preprocessor": "deeppavlov.models.preprocessors.bert_preprocessor:BertSepRankerPredictorPreprocessor",
  "bert_sep_ranker_preprocessor": "deeppavlov.models.preprocessors.bert_preprocessor:BertSepRankerPreprocessor",
  "bilstm_gru_nn": "deeppavlov.models.ranking.bilstm_gru_siamese_network:BiLSTMGRUSiameseNetwork",
  "bilstm_nn": "deeppavlov.models.ranking.bilstm_siamese_network:BiLSTMSiameseNetwork",
  "bow": "deeppavlov.models.embedders.bow_embedder:BoWEmbedder",
  "capitalization_featurizer": "deeppavlov.models.preprocessors.capitalization:CapitalizationPreprocessor",
  "char_splitter": "deeppavlov.models.preprocessors.char_splitter:CharSplitter",
  "conll2003_reader": "deeppavlov.dataset_readers.conll2003_reader:Conll2003DatasetReader",
  "cos_sim_classifier": "deeppavlov.models.classifiers.cos_sim_classifier:CosineSimilarityClassifier",
  "dam_nn": "deeppavlov.models.ranking.deep_attention_matching_network:DAMNetwork",
  "dam_nn_use_transformer": "deeppavlov.models.ranking.deep_attention_matching_network_use_transformer:DAMNetworkUSETransformer",
  "data_fitting_iterator": "deeppavlov.core.data.data_fitting_iterator:DataFittingIterator",
  "data_learning_iterator": "deeppavlov.core.data.data_learning_iterator:DataLearningIterator",
  "default_vocab": "deeppavlov.core.data.vocab:DefaultVocabulary",
  "dialog_db_result_iterator": "deeppavlov.dataset_iterators.dialog_iterator:DialogDBResultDatasetIterator",
  "dialog_iterator": "deeppavlov.dataset_iterators.dialog_iterator:DialogDatasetIterator",
  "dialog_state": "deeppavlov.models.seq2seq_go_bot.dialog_state:DialogState",
  "dictionary_vectorizer": "deeppavlov.models.vectorizers.word_vectorizer:DictionaryVectorizer",
  "dirty_comments_preprocessor": "deeppavlov.models.preprocessors.dirty_comments_preprocessor:DirtyCommentsPreprocessor",
  "document_bert_ner_iterator": "deeppavlov.dataset_iterators.document_bert_ner_iterator:DocumentBertNerIterator",
  "document_chunker": "deeppavlov.models.preprocessors.odqa_preprocessors:DocumentChunker",
  "dstc2_intents_iterator": "deeppavlov.dataset_iterators.dstc2_intents_iterator:Dstc2IntentsDatasetIterator",
  "dstc2_ner_iterator": "deeppavlov.dataset_iterators.dstc2_ner_iterator:Dstc2NerDatasetIterator",
  "dstc2_reader": "deeppavlov.dataset_readers.dstc2_reader:DSTC2DatasetReader",
  "dstc_slotfilling": "deeppavlov.models.slotfill.slotfill:DstcSlotFillingNetwork",
  "ecommerce_preprocess": "deeppavlov.models.preprocessors.ecommerce_preprocess:EcommercePreprocess",
  "ecommerce_skill_bleu": "deeppavlov.skills.ecommerce_skill.bleu_retrieve:EcommerceSkillBleu",
  "ecommerce_skill_tfidf": "deeppavlov.skills.ecommerce_skill.tfidf_retrieve:EcommerceSkillTfidf",
  "elmo_embedder": "deeppavlov.models.embedders.elmo_embedder:ELMoEmbedder",
  "elmo_file_paths_iterator": "deeppavlov.dataset_iterators.elmo_file_paths_iterator:ELMoFilePathsIterator",
  "elmo_model": "deeppavlov.models.elmo.elmo:ELMo",
  "emb_mat_assembler": "deeppavlov.models.preprocessors.assemble_embeddings_matrix:EmbeddingsMatrixAssembler",
  "entity_linker": "deeppavlov.models.kbqa.entity_linking:EntityLinker",
  "faq_reader": "deeppavlov.dataset_readers.faq_reader:FaqDatasetReader",
  "fasttext": "deeppavlov.models.embedders.fasttext_embedder:FasttextEmbedder",
  "featurized_tracker": "deeppavlov.models.go_bot.tracker:FeaturizedTracker",
  "file_paths_iterator": "deeppavlov.dataset_iterators.file_paths_iterator:FilePathsIterator",
  "file_paths_reader": "deeppavlov.dataset_readers.file_paths_reader:FilePathsReader",
  "fit_trainer": "deeppavlov.core.trainers.fit_trainer:FitTrainer",
  "glove": "deeppavlov.models.embedders.glove_embedder:GloVeEmbedder",
  "go_bot": "deeppavlov.models.go_bot.network:GoalOrientedBot",
  "hashing_tfidf_vectorizer": "deeppavlov.models.vectorizers.hashing_tfidf_vectorizer:HashingTfIdfVectorizer",
  "insurance_reader": "deeppavlov.dataset_readers.insurance_reader:InsuranceReader",
  "kb_answer_parser_wikidata": "deeppavlov.models.kbqa.kb_answer_parser_wikidata:KBAnswerParserWikidata",
  "kbqa_reader": "deeppavlov.dataset_readers.kbqa_reader:KBQAReader",
  "kenlm_elector": "deeppavlov.models.spelling_correction.electors.kenlm_elector:KenlmElector",
  "keras_classification_model": "deeppavlov.models.classifiers.keras_classification_model:KerasClassificationModel",
  "knowledge_base": "deeppavlov.models.seq2seq_go_bot.kb:KnowledgeBase",
  "knowledge_base_entity_normalizer": "deeppavlov.models.seq2seq_go_bot.kb:KnowledgeBaseEntityNormalizer",
  "kvret_dialog_iterator": "deeppavlov.dataset_iterators.kvret_dialog_iterator:KvretDialogDatasetIterator",
  "kvret_reader": "deeppavlov.dataset_readers.kvret_reader:KvretDatasetReader",
  "lazy_tokenizer": "deeppavlov.models.tokenizers.lazy_tokenizer:LazyTokenizer",
  "lemmatized_output_prettifier": "deeppavlov.models.morpho_tagger.common:LemmatizedOutputPrettifier",
  "line_reader": "deeppavlov.dataset_readers.line_reader:LineReader",
  "logit_ranker": "deeppavlov.models.doc_retrieval.logit_ranker:LogitRanker",
  "lowercase_preprocessor": "deeppavlov.models.preprocessors.capitalization:LowercasePreprocessor",
  "mask": "deeppavlov.models.preprocessors.mask:Mask",
  "morpho_tagger": "deeppavlov.models.morpho_tagger.network:MorphoTagger",
  "morphotagger_dataset": "deeppavlov.dataset_iterators.morphotagger_iterator:MorphoTaggerDatasetIterator",
  "morphotagger_dataset_reader": "deeppavlov.dataset_readers.morphotagging_dataset_reader:MorphotaggerDatasetReader",
  "morphotagger_multidataset": "deeppavlov.dataset_iterators.morphotagger_iterator:MorphoTaggerMultiDatasetIterator",
  "morphotagger_multidataset_reader": "deeppavlov.dataset_readers.morphotagging_dataset_reader:MorphotaggerMultiDatasetReader",
  "mpm_nn": "deeppavlov.models.ranking.mpm_siamese_network:MPMSiameseNetwork",
  "multi_squad_dataset_reader": "deeppavlov.dataset_readers.squad_dataset_reader:MultiSquadDatasetReader",
  "multi_squad_iterator": "deeppavlov.dataset_iterators.squad_iterator:MultiSquadIterator",
  "multi_squad_retr_iterator": "deeppavlov.dataset_iterators.squad_iterator:MultiSquadRetrIterator",
  "ner": "deeppavlov.models.ner.network:NerNetwork",
  "ner_bio_converter": "deeppavlov.models.ner.bio:BIOMarkupRestorer",
  "ner_few_shot_iterator": "deeppavlov.dataset_iterators.ner_few_shot_iterator:NERFewShotIterator",
  "ner_svm": "deeppavlov.models.ner.svm:SVMTagger",
  "nltk_moses_tokenizer": "deeppavlov.models.tokenizers.nltk_moses_tokenizer:NLTKMosesTokenizer",
  "nltk_tokenizer": "deeppavlov.models.tokenizers.nltk_tokenizer:NLTKTokenizer",
  "nn_trainer": "deeppavlov.core.trainers.nn_trainer:NNTrainer",
  "odqa_reader": "deeppavlov.dataset_readers.odqa_reader:ODQADataReader",
  "one_hotter": "deeppavlov.models.preprocessors.one_hotter:OneHotter",
  "ontonotes_reader": "deeppavlov.dataset_readers.ontonotes_reader:OntonotesReader",
  "params_evolution": "deeppavlov.models.evolution.evolution_param_generator:ParamsEvolution",
  "params_search": "deeppavlov.core.common.params_search:ParamsSearch",
  "paraphraser_pretrain_reader": "deeppavlov.dataset_readers.paraphraser_pretrain_reader:ParaphraserPretrainReader",
  "paraphraser_reader": "deeppavlov.dataset_readers.paraphraser_reader:ParaphraserReader",
  "pop_ranker": "deeppavlov.models.doc_retrieval.pop_ranker:PopRanker",
  "proba2labels": "deeppavlov.models.classifiers.proba2labels:Proba2Labels",
  "pymorphy_russian_lemmatizer": "deeppavlov.models.preprocessors.russian_lemmatizer:PymorphyRussianLemmatizer",
  "pymorphy_vectorizer": "deeppavlov.models.vectorizers.word_vectorizer:PymorphyVectorizer",
  "qqp_reader": "deeppavlov.dataset_readers.quora_question_pairs_reader:QuoraQuestionPairsReader",
  "random_emb_mat": "deeppavlov.models.preprocessors.random_embeddings_matrix:RandomEmbeddingsMatrix",
  "response_base_loader": "deeppavlov.models.preprocessors.response_base_loader:ResponseBaseLoader",
  "ru_obscenity_classifier": "deeppavlov.models.classifiers.ru_obscenity_classifier:RuObscenityClassifier",
  "ru_sent_tokenizer": "deeppavlov.models.tokenizers.ru_sent_tokenizer:RuSentTokenizer",
  "ru_tokenizer": "deeppavlov.models.tokenizers.ru_tokenizer:RussianTokenizer",
  "russian_words_vocab": "deeppavlov.vocabs.typos:RussianWordsVocab",
  "sanitizer": "deeppavlov.models.preprocessors.sanitizer:Sanitizer",
  "sent_label_splitter": "deeppavlov.models.morpho_tagger.misc:SentLabelSplitter",
  "seq2seq_go_bot": "deeppavlov.models.seq2seq_go_bot.bot:Seq2SeqGoalOrientedBot",
  "seq2seq_go_bot_nn": "deeppavlov.models.seq2seq_go_bot.network:Seq2SeqGoalOrientedBotNetwork",
  "siamese_iterator": "deeppavlov.dataset_iterators.siamese_iterator:SiameseIterator",
  "siamese_predictor": "deeppavlov.models.ranking.siamese_predictor:SiamesePredictor",
  "siamese_preprocessor": "deeppavlov.models.preprocessors.siamese_preprocessor:SiamesePreprocessor",
  "siamese_reader": "deeppavlov.dataset_readers.siamese_reader:SiameseReader",
  "simple_vocab": "deeppavlov.core.data.simple_vocab:SimpleVocabulary",
  "sklearn_component": "deeppavlov.models.sklearn.sklearn_component:SklearnComponent",
  "slotfill_raw": "deeppavlov.models.slotfill.slotfill_raw:SlotFillingComponent",
  "smn_nn": "deeppavlov.models.ranking.sequential_matching_network:SMNNetwork",
  "spelling_error_model": "deeppavlov.models.spelling_correction.brillmoore.error_model:ErrorModel",
  "spelling_levenshtein": "deeppavlov.models.spelling_correction.levenshtein.searcher_component:LevenshteinSearcherComponent",
  "split_tokenizer": "deeppavlov.models.tokenizers.split_tokenizer:SplitTokenizer",
  "sqlite_database": "deeppavlov.core.data.sqlite_database:Sqlite3Database",
  "sqlite_iterator": "deeppavlov.dataset_iterators.sqlite_iterator:SQLiteDataIterator",
  "squad_ans_postprocessor": "deeppavlov.models.preprocessors.squad_preprocessor:SquadAnsPostprocessor",
  "squad_ans_preprocessor": "deeppavlov.models.preprocessors.squad_preprocessor:SquadAnsPreprocessor",
  "squad_bert_ans_postprocessor": "deeppavlov.models.preprocessors.squad_preprocessor:SquadBertAnsPostprocessor",
  "squad_bert_ans_preprocessor": "deeppavlov.models.preprocessors.squad_preprocessor:SquadBertAnsPreprocessor",
  "squad_bert_infer": "deeppavlov.models.bert.bert_squad:BertSQuADInferModel",
  "squad_bert_mapping": "deeppavlov.models.preprocessors.squad_preprocessor:SquadBertMappingPreprocessor",
  "squad_bert_model": "deeppavlov.models.bert.bert_squad:BertSQuADModel",
  "squad_dataset_reader": "deeppavlov.dataset_readers.squad_dataset_reader:SquadDatasetReader",
  "squad_iterator": "deeppavlov.dataset_iterators.squad_iterator:SquadIterator",
  "squad_model": "deeppavlov.models.squad.squad:SquadModel",
  "squad_preprocessor": "deeppavlov.models.preprocessors.squad_preprocessor:SquadPreprocessor",
  "squad_vocab_embedder": "deeppavlov.models.preprocessors.squad_preprocessor:SquadVocabEmbedder",
  "static_dictionary": "deeppavlov.vocabs.typos:StaticDictionary",
  "str_lower": "deeppavlov.models.preprocessors.str_lower:StrLower",
  "str_token_reverser": "deeppavlov.models.preprocessors.str_token_reverser:StrTokenReverser",
  "str_utf8_encoder": "deeppavlov.models.preprocessors.str_utf8_encoder:StrUTF8Encoder",
  "stream_spacy_tokenizer": "deeppavlov.models.tokenizers.spacy_tokenizer:StreamSpacyTokenizer",
  "string_multiplier": "deeppavlov.models.preprocessors.odqa_preprocessors:StringMultiplier",
  "tag_output_prettifier": "deeppavlov.models.morpho_tagger.common:TagOutputPrettifier",
  "tfidf_ranker": "deeppavlov.models.doc_retrieval.tfidf_ranker:TfidfRanker",
  "tfidf_weighted": "deeppavlov.models.embedders.tfidf_weighted_embedder:TfidfWeightedEmbedder",
  "top1_elector": "deeppavlov.models.spelling_correction.electors.top1_elector:TopOneElector",
  "typos_custom_reader": "deeppavlov.dataset_readers.typos_reader:TyposCustom",
  "typos_iterator": "deeppavlov.dataset_iterators.typos_iterator:TyposDatasetIterator",
  "typos_kartaslov_reader": "deeppavlov.dataset_readers.typos_reader:TyposKartaslov",
  "typos_wikipedia_reader": "deeppavlov.dataset_readers.typos_reader:TyposWikipedia",
  "ubuntu_dstc7_mt_reader": "deeppavlov.dataset_readers.ubuntu_dstc7_mt_reader:UbuntuDSTC7MTReader",
  "ubuntu_v1_mt_reader": "deeppavlov.dataset_readers.ubuntu_v1_mt_reader:UbuntuV1MTReader",
  "ubuntu_v2_mt_reader": "deeppavlov.dataset_readers.ubuntu_v2_mt_reader:UbuntuV2MTReader",
  "ubuntu_v2_reader": "deeppavlov.dataset_readers.ubuntu_v2_reader:UbuntuV2Reader",
  "UD_pymorphy_lemmatizer": "deeppavlov.models.morpho_tagger.lemmatizer:UDPymorphyLemmatizer",
  "wiki_sqlite_vocab": "deeppavlov.vocabs.wiki_sqlite:WikiSQLiteVocab",
  "wikitionary_100K_vocab": "deeppavlov.vocabs.typos:Wiki100KDictionary"
}