{
  "dataset_reader": {
    "class_name": "basic_classification_reader",
    "x": "text",
    "y": "label",
    "data_path": "{DOWNLOADS_PATH}/rusentiment/",
    "train": "rusentiment_random_posts.csv",
    "test": "rusentiment_test.csv"
  },
  "dataset_iterator": {
    "class_name": "basic_classification_iterator",
    "seed": 42,
    "field_to_split": "train",
    "split_fields": [
      "train",
      "valid"
    ],
    "split_proportions": [
      0.9,
      0.1
    ]
  },
  "chainer": {
    "in": [
      "x"
    ],
    "in_y": [
      "y"
    ],
    "pipe": [
      {
        "id": "classes_vocab",
        "class_name": "simple_vocab",
        "fit_on": [
          "y"
        ],
        "save_path": "{MODEL_PATH}/classes.dict",
        "load_path": "{MODEL_PATH}/classes.dict",
        "in": "y",
        "out": "y_ids"
      },
      {
        "in": [
          "x"
        ],
        "out": [
          "x_prep"
        ],
        "class_name": "dirty_comments_preprocessor"
      },
      {
        "in": "x_prep",
        "out": "x_tok",
        "id": "my_tokenizer",
        "class_name": "nltk_tokenizer",
        "tokenizer": "wordpunct_tokenize"
      },
      {
        "in": "x_tok",
        "out": "x_emb",
        "id": "my_embedder",
        "class_name": "fasttext",
        "load_path": "{DOWNLOADS_PATH}/embeddings/ft_native_300_ru_wiki_lenta_nltk_wordpunct_tokenize.bin",
        "dim": 300,
        "pad_zero": true
      },
      {
        "in": "y_ids",
        "out": "y_onehot",
        "class_name": "one_hotter",
        "depth": "#classes_vocab.len",
        "single_vector": true
      },
      {
        "in": [
          "x_emb"
        ],
        "in_y": [
          "y_onehot"
        ],
        "out": [
          "y_pred_probas"
        ],
        "main": true,
        "class_name": "keras_classification_model",
        "save_path": "{MODEL_PATH}/model",
        "load_path": "{MODEL_PATH}/model",
        "embedding_size": "#my_embedder.dim",
        "n_classes": "#classes_vocab.len",
        "kernel_sizes_cnn": [
          1,
          2,
          3
        ],
        "filters_cnn": {
          "evolve_range": [
            50,
            100
          ],
          "discrete": true
        },
        "optimizer": "Adam",
        "learning_rate": {
          "evolve_range": [
            1e-4,
            1e-1
          ]
        },
        "learning_rate_decay": {
          "evolve_range": [
            1e-6,
            1e-2
          ]
        },
        "loss": "categorical_crossentropy",
        "last_layer_activation": "softmax",
        "coef_reg_cnn": {
          "evolve_range": [
            1e-6,
            1e-2
          ]
        },
        "coef_reg_den": {
          "evolve_range": [
            1e-6,
            1e-2
          ]
        },
        "dropout_rate": {
          "evolve_range": [
            0,
            1
          ]
        },
        "dense_size": {
          "evolve_range": [
            50,
            100
          ],
          "discrete": true
        },
        "model_name": "cnn_model"
      },
      {
        "in": "y_pred_probas",
        "out": "y_pred_ids",
        "class_name": "proba2labels",
        "max_proba": true
      },
      {
        "in": "y_pred_ids",
        "out": "y_pred_labels",
        "ref": "classes_vocab"
      }
    ],
    "out": [
      "y_pred_labels"
    ]
  },
  "train": {
    "epochs": 100,
    "batch_size": {
      "evolve_range": [
        50,
        200
      ],
      "discrete": true
    },
    "metrics": [
      "sets_accuracy",
      "f1_macro",
      {
        "name": "roc_auc",
        "inputs": [
          "y_onehot",
          "y_pred_probas"
        ]
      }
    ],
    "validation_patience": 5,
    "val_every_n_epochs": 1,
    "log_every_n_epochs": 1,
    "show_examples": false,
    "evaluation_targets": [
      "train",
      "valid",
      "test"
    ],
    "class_name": "nn_trainer"
  },
  "metadata": {
    "variables": {
      "ROOT_PATH": "~/.deeppavlov",
      "DOWNLOADS_PATH": "{ROOT_PATH}/downloads",
      "MODELS_PATH": "{ROOT_PATH}/models",
      "MODEL_PATH": "{MODELS_PATH}/classifiers/rusentiment_evolution"
    },
    "requirements": [
      "{DEEPPAVLOV_PATH}/requirements/tf.txt",
      "{DEEPPAVLOV_PATH}/requirements/fasttext.txt"
    ],
    "labels": {
      "telegram_utils": "IntentModel",
      "server_utils": "KerasIntentModel"
    },
    "download": [
      {
        "url": "https://github.com/text-machine-lab/rusentiment/raw/master/Dataset/rusentiment_random_posts.csv",
        "subdir": "{DOWNLOADS_PATH}/rusentiment"
      },
      {
        "url": "https://github.com/text-machine-lab/rusentiment/raw/master/Dataset/rusentiment_test.csv",
        "subdir": "{DOWNLOADS_PATH}/rusentiment"
      }
    ]
  }
}
