{
  "dataset_reader": {
    "class_name": "basic_classification_reader",
    "x": "text",
    "y": "intents",
    "data_path": "{DOWNLOADS_PATH}/snips"
  },
  "dataset_iterator": {
    "class_name": "basic_classification_iterator",
    "seed": {
      "evolve_range": [
        50,
        500
      ],
      "discrete": true
    },
    "field_to_split": "train",
    "split_fields": [
      "train",
      "valid"
    ],
    "split_proportions": [
      0.9,
      0.1
    ]
  },
  "chainer": {
    "in": [
      "x"
    ],
    "in_y": [
      "y"
    ],
    "pipe": [
      {
        "id": "classes_vocab",
        "class_name": "simple_vocab",
        "fit_on": [
          "y"
        ],
        "save_path": "{MODEL_PATH}/classes.dict",
        "load_path": "{MODEL_PATH}/classes.dict",
        "in": "y",
        "out": "y_ids"
      },
      {
        "in": "x",
        "out": "x_lower",
        "class_name": "str_lower"
      },
      {
        "in": "x_lower",
        "out": "x_tok",
        "id": "my_tokenizer",
        "class_name": "nltk_tokenizer",
        "tokenizer": "wordpunct_tokenize"
      },
      {
        "in": "x_tok",
        "out": "x_emb",
        "id": "my_embedder",
        "class_name": "fasttext",
        "load_path": "{DOWNLOADS_PATH}/embeddings/wiki.en.bin",
        "pad_zero": true
      },
      {
        "in": "y_ids",
        "out": "y_onehot",
        "class_name": "one_hotter",
        "id": "my_one_hotter",
        "depth": "#classes_vocab.len",
        "single_vector": true
      },
      {
        "in": [
          "x_emb"
        ],
        "in_y": [
          "y_onehot"
        ],
        "out": [
          "y_pred_probas"
        ],
        "main": true,
        "class_name": "keras_classification_model",
        "save_path": "{MODEL_PATH}/model",
        "load_path": "{MODEL_PATH}/model",
        "embedding_size": "#my_embedder.dim",
        "n_classes": "#classes_vocab.len",
        "kernel_sizes_cnn": [
          1,
          2,
          3
        ],
        "filters_cnn": {
          "evolve_range": [
            50,
            100
          ],
          "discrete": true
        },
        "optimizer": "Adam",
        "learning_rate": {
          "evolve_range": [
            0.0001,
            0.1
          ],
          "scale": "log"
        },
        "learning_rate_decay": {
          "evolve_range": [
            0.0001,
            0.1
          ],
          "scale": "log"
        },
        "loss": "categorical_crossentropy",
        "coef_reg_cnn": {
          "evolve_range": [
            1e-6,
            1e-3
          ]
        },
        "coef_reg_den": {
          "evolve_range": [
            1e-6,
            1e-3
          ]
        },
        "dropout_rate": {
          "evolve_range": [
            0.1,
            0.9
          ]
        },
        "dense_size": {
          "evolve_range": [
            50,
            100
          ],
          "discrete": true
        },
        "model_name": "cnn_model",
        "check_bool": {
          "evolve_bool": true
        }
      },
      {
        "in": "y_pred_probas",
        "out": "y_pred_ids",
        "class_name": "proba2labels",
        "max_proba": true
      },
      {
        "in": "y_pred_ids",
        "out": "y_pred_labels",
        "ref": "classes_vocab"
      }
    ],
    "out": [
      "y_pred_labels"
    ]
  },
  "train": {
    "epochs": {
      "evolve_range": [
        5,
        10
      ],
      "discrete": true
    },
    "batch_size": {
      "evolve_range": [
        50,
        500
      ],
      "discrete": true
    },
    "metrics": [
      "sets_accuracy",
      "f1_macro",
      {
        "name": "roc_auc",
        "inputs": [
          "y_onehot",
          "y_pred_probas"
        ]
      }
    ],
    "validation_patience": 5,
    "val_every_n_epochs": 1,
    "log_every_n_epochs": 1,
    "evaluation_targets": [
      "train",
      "valid"
    ],
    "class_name": "nn_trainer"
  },
  "metadata": {
    "variables": {
      "ROOT_PATH": "~/.deeppavlov",
      "DOWNLOADS_PATH": "{ROOT_PATH}/downloads",
      "MODELS_PATH": "{ROOT_PATH}/models",
      "MODEL_PATH": "{MODELS_PATH}/classifiers/intents_snips_evolution"
    },
    "labels": {
      "telegram_utils": "IntentModel",
      "server_utils": "KerasIntentModel"
    },
    "download": [
      {
        "url": "http://files.deeppavlov.ai/datasets/snips_intents/train.csv",
        "subdir": "{DOWNLOADS_PATH}/snips"
      },
      {
        "url": "http://files.deeppavlov.ai/deeppavlov_data/embeddings/wiki.en.bin",
        "subdir": "{DOWNLOADS_PATH}/embeddings"
      }
    ]
  }
}
