Sentence #,Word,POS,Tag
Sentence: 1,am,VB,O
,i,IN,B-per
,eligible,NNS,O
,to,VBP,O
,get,VBN,O
,home,NN,B-prod
,loan,NNP,B-prod
,for,NNP,O
,rs,NN,B-money
,1,NN,B-money
,crore,NN,B-money
,.,.,O
Sentence: 2,what,NNS,O
,is,IN,O
,the,DT,O
,interest,NN,B-num
,for,VBN,O
,second,NN,B-ordi
,home,NN,B-prod
,and,IN,O
,how,IN,O
,to,TO,O
,apply,VBP,B-event
,for,IN,O
,home,NN,B-prod
,loan,NNP,B-prod
,.,.,O
Sentence: 3,I,NNS,B-per
,missed,VBP,B-event
,to,TO,O
,pay,VBN,B-event
,my,IN,B-per
,home,NN,B-prod
,loan,NN,B-prod
,emi,NNP,B-num
,this,DT,B-ordi
,month,NNS,B-date
,how,WP,O
,much,VBD,B-misc
,fine,NNS,B-event
,i,IN,B-Per
,need,JJ,O
,to,NNS,O
,pay,VBN,B-event
,"""",``,O
Sentence: 4,my,PRP,B-per
,loan,VBD,B-prod
,number,NN,B-num
,is,DT,O
,123454321012,NNS,B-num
,.,.,O
Sentence: 5,what,NNS,O
,is,VBD,O
,my,DT,O
,EMI,NN,B-num
,every,IN,B-ordi
,month,NNS,B-date
,and,IN,O
,due,CD,B-event
,date,IN,B-date
,.,.,O
Sentence: 6,Its,DT,O
,981234512365,NN,B-num
,.,.,O
Sentence: 7,My,DT,O
,mobile,NN,B-num
,number,NN,B-num
,is,VBD,O
,9121314151,NN,B-num
,.,.,O
Sentence: 8,what,NNP,O
,is,VBN,O
,the,DT,O
,EMI,NN,B-num
,i,NNS,B-per
,need,IN,O
,to,DT,O
,pay,VBN,B-event
,if,IN,O
,i,NN,B-per
,take,VBN,O
,home,NNP,B-prod
,loan,NN,B-prod
,for,NN,O
,say,IN,B-misc
,75,NN,B-money
,lakh, NN,B-money
,.,.,O
Sentence: 9,muje,NN,B-misc
,1,NN,B-num
,crore,NNS,B-money
,rupee,VBP,B-money
,ke,VBN,O
,home,NN,B-prod
,loan,NNP,B-prod
,apply,NNP,B-event
,karsakthey,VBP,O
,kya,NN,O
,.,.,O
Sentence: 10,doosare,NNS,B-num
,ghar,NN,B-loc
,ke,DT,O
,lie,DT,O
,interest,NN,B-perc
,kya,VBN,O
,byaaj,VBP,O
,hai,DT,O
,fir,IN,O
,kaisae,IN,O
,apply,VBP,B-event
,karna,IN,B-misc
,hei,DT,O
,home,NN,B-prod
,loan,NNP,B-prod
,.,.,O
Sentence: 11,main,NNS,B-per
,is,VBP,O
,maheene,NN,B-date
,mera,IN,B-per
,home,NN,B-prod
,loan,NN,B-prod
,emi,NNP,B-event
,chuk,DT,B-misc
,gaya,NNS,O
,kithna,WP,O
,fine,NNS,B-event
,pay,VBP,B-event
,karna,VBN,O
,hei,DT,O
,"""",``,O
Sentence: 12,mere,NN,B-per
,loan,VBD,O
,number,NN,B-num
,is,DT,O
,123454321012,NNS,B-num
,hei,DT,O 
,.,.,O
Sentence: 13,har,NNS,B-misc
,ek,NN,B-num
,maheene,NN,B-date
,EMI,NN,B-money
,kithna,IN,O
,hei,DT,O
,our,IN,O
,due,CD,B-misc
,date,IN,B-date
,bhathav,VBP,B-misc
,"""",``,O
Sentence: 14,Yah,DT,O
,981234512365,NN,B-num
,"""",``,O
Sentence: 15,mere,NN,B-per
,mobile,NN,B-num
,number,NN,B-num
,9832412345,NN,B-num
,"""",``,O
Sentence: 16,kithna,NNP,O
,EMI,NN,B-perc
,dheyna,VBN,B-event
,hei,IN,O
,for,NN,O
,75,NN,B-num
,lakh, NN,B-money
,home,NNP,B-prod
,loan,NN,B-prod
,.,.,O

