{
  "dataset_reader": {
    "class_name": "faq_reader",
    "x_col_name": "Question",
    "y_col_name": "Answer",
    "data_url": "http://files.deeppavlov.ai/faq/school/faq_school.csv"
  },
  "dataset_iterator": {
    "class_name": "data_learning_iterator"
  },
  "chainer": {
    "in": "question",
    "in_y": "y",
    "pipe": [
      {
        "class_name": "ru_tokenizer",
        "id": "my_tokenizer",
        "in": "question",
        "lemmas": true,
        "out": "q_token_lemmas"
      },
      {
        "ref": "my_tokenizer",
        "in": "q_token_lemmas",
        "out": "q_lem"
      },
      {
        "in": [
          "q_lem"
        ],
        "out": [
          "question_vector"
        ],
        "fit_on": [
          "q_lem",
          "y"
        ],
        "id": "tfidf_vec",
        "class_name": "sklearn_component",
        "save_path": "{MODELS_PATH}/vectorizer/tfidf_vectorizer_ruwiki.pkl",
        "load_path": "{MODELS_PATH}/vectorizer/tfidf_vectorizer_ruwiki.pkl",
        "model_class": "sklearn.feature_extraction.text:TfidfVectorizer",
        "infer_method": "transform",
        "analyzer": "word"
      },
      {
        "class_name": "fasttext",
        "id": "my_embedder",
        "in": "q_token_lemmas",
        "load_path": "{DOWNLOADS_PATH}/embeddings/lenta_lower_100.bin",
        "out": "tokens_fasttext_vectors"
      },
      {
        "class_name": "tfidf_weighted",
        "in": "q_token_lemmas",
        "vectorizer": "#tfidf_vec",
        "embedder": "#my_embedder",
        "tokenizer": "#my_tokenizer",
        "mean": true,
        "out": "question_vector"
      },
      {
        "class_name": "cos_sim_classifier",
        "in": "question_vector",
        "fit_on": [
          "question_vector",
          "y"
        ],
        "top_n": 1,
        "save_path": "{MODELS_PATH}/faq/fasttext_cos_classifier.pkl",
        "load_path": "{MODELS_PATH}/faq/fasttext_cos_classifier.pkl",
        "out": [
          "answer",
          "score"
        ]
      }
    ],
    "out": [
      "answer",
      "score"
    ]
  },
  "train": {
    "evaluation_targets": [],
    "class_name": "fit_trainer"
  },
  "metadata": {
    "variables": {
      "ROOT_PATH": "~/.deeppavlov",
      "DOWNLOADS_PATH": "{ROOT_PATH}/downloads",
      "MODELS_PATH": "{ROOT_PATH}/models"
    },
    "requirements": [
      "{DEEPPAVLOV_PATH}/requirements/fasttext.txt"
    ],
    "download": [
      {
        "url": "http://files.deeppavlov.ai/faq/school/fasttext_cos_classifier.pkl",
        "subdir": "{MODELS_PATH}/faq"
      },
      {
        "url": "http://files.deeppavlov.ai/vectorizer/tfidf_vectorizer_ruwiki.pkl",
        "subdir": "{MODELS_PATH}/vectorizer"
      },
      {
        "url": "http://files.deeppavlov.ai/embeddings/lenta_lower_100.bin",
        "subdir": "{DOWNLOADS_PATH}/embeddings"
      }
    ]
  }
}