{
  "dataset_reader": {
    "class_name": "faq_reader",
    "x_col_name": "Question",
    "y_col_name": "Answer",
    "data_url": "http://files.deeppavlov.ai/faq/school/faq_school.csv"
  },
  "dataset_iterator": {
    "class_name": "basic_classification_iterator",
    "seed": 42
  },
  "chainer": {
    "in": "q",
    "in_y": "y",
    "pipe": [
      {
        "class_name": "ru_tokenizer",
        "id": "my_tokenizer",
        "in": "q",
        "lemmas": true,
        "out": "q_token_lemmas"
      },
      {
        "ref": "my_tokenizer",
        "in": "q_token_lemmas",
        "out": "q_lem"
      },
      {
        "in": [
          "q_lem"
        ],
        "out": [
          "q_vect"
        ],
        "fit_on": [
          "q_lem"
        ],
        "id": "tfidf_vec",
        "class_name": "sklearn_component",
        "save_path": "{MODELS_PATH}/vectorizer/tfidf_vectorizer_ruwiki_v1.pkl",
        "load_path": "{MODELS_PATH}/vectorizer/tfidf_vectorizer_ruwiki_v1.pkl",
        "model_class": "sklearn.feature_extraction.text:TfidfVectorizer",
        "infer_method": "transform"
      },
      {
        "id": "answers_vocab",
        "class_name": "simple_vocab",
        "fit_on": [
          "y"
        ],
        "save_path": "{MODELS_PATH}/faq/ru_mipt_answers.dict",
        "load_path": "{MODELS_PATH}/faq/ru_mipt_answers.dict",
        "in": "y",
        "out": "y_ids"
      },
      {
        "in": "q_vect",
        "fit_on": [
          "q_vect",
          "y_ids"
        ],
        "out": [
          "y_pred_proba"
        ],
        "class_name": "sklearn_component",
        "main": true,
        "save_path": "{MODELS_PATH}/faq/tfidf_logreg_classifier_v1.pkl",
        "load_path": "{MODELS_PATH}/faq/tfidf_logreg_classifier_v1.pkl",
        "model_class": "sklearn.linear_model:LogisticRegression",
        "infer_method": "predict_proba",
        "C": 1000,
        "penalty": "l2"
      },
      {
        "in": "y_pred_proba",
        "out": "y_pred_ids",
        "class_name": "proba2labels",
        "max_proba": true
      },
      {
        "in": "y_pred_ids",
        "out": "y_pred_answers",
        "ref": "answers_vocab"
      }
    ],
    "out": [
      "y_pred_answers",
      "y_pred_proba"
    ]
  },
  "train": {
    "class_name": "fit_trainer",
    "evaluation_targets": []
  },
  "metadata": {
    "variables": {
      "ROOT_PATH": "~/.deeppavlov",
      "DOWNLOADS_PATH": "{ROOT_PATH}/downloads",
      "MODELS_PATH": "{ROOT_PATH}/models"
    },
    "download": [
      {
        "url": "http://files.deeppavlov.ai/faq/school/tfidf_logreg_classifier_v1.pkl",
        "subdir": "{MODELS_PATH}/faq"
      },
      {
        "url": "http://files.deeppavlov.ai/vectorizer/tfidf_vectorizer_ruwiki_v1.pkl",
        "subdir": "{MODELS_PATH}/vectorizer"
      },
      {
        "url": "http://files.deeppavlov.ai/faq/mipt/ru_mipt_answers.dict",
        "subdir": "{MODELS_PATH}/faq"
      }
    ]
  }
}
