{
  "dataset_reader": {
    "class_name": "dstc2_reader",
    "data_path": "{DOWNLOADS_PATH}/dstc2"
  },
  "dataset_iterator": {
    "class_name": "dialog_iterator"
  },
  "chainer": {
    "in": ["x"],
    "in_y": ["y"],
    "out": ["y_predicted"],
    "pipe": [
      {
        "class_name": "deeppavlov.models.go_bot.wrapper:DialogComponentWrapper",
        "component": { "class_name": "split_tokenizer" },
        "in": ["x"],
        "out": ["x_tokens"]
      },
      {
        "id": "word_vocab",
        "class_name": "simple_vocab",
        "fit_on": ["x_tokens"],
        "save_path": "{MODELS_PATH}/gobot_dstc2_minimal/word.dict",
        "load_path": "{MODELS_PATH}/gobot_dstc2_minimal/word.dict"
      },
      {
        "id": "restaurant_database",
        "class_name": "sqlite_database",
        "table_name": "mytable",
        "primary_keys": ["name"],
        "save_path": "{DOWNLOADS_PATH}/dstc2/resto.sqlite"
      },
      {
        "class_name": "go_bot",
        "load_path": "{MODELS_PATH}/gobot_dstc2_minimal/model",
        "save_path": "{MODELS_PATH}/gobot_dstc2_minimal/model",
        "in": ["x"],
        "in_y": ["y"],
        "out": ["y_predicted"],
        "main": true,
        "debug": false,
        "learning_rate": [2e-3, 2e-2],
        "learning_rate_decay": "1cycle",
        "learning_rate_decay_epochs": 20,
        "momentum": 0.95,
        "optimizer": "tensorflow.train:AdamOptimizer",
        "clip_norm": 2.0,
        "dropout_rate": 0.3,
        "l2_reg_coef": 1e-4,
        "hidden_size": 128,
        "dense_size": 64,
        "word_vocab": "#word_vocab",
        "template_path": "{DOWNLOADS_PATH}/dstc2/dstc2-templates.txt",
        "template_type": "DualTemplate",
        "database": "#restaurant_database",
        "api_call_action": "api_call",
        "use_action_mask": false,
        "slot_filler": null,
        "intent_classifier": null,
        "embedder": null,
        "bow_embedder": {
          "class_name": "bow",
          "depth": "#word_vocab.__len__()",
          "with_counts": true
        },
        "tokenizer": {
          "class_name": "stream_spacy_tokenizer",
          "lowercase": false
        },
        "tracker": {
          "class_name": "featurized_tracker",
          "slot_names": ["pricerange", "this", "area", "food", "name"]
        }
      }
    ]
  },
  "train": {
    "epochs": 200,
    "batch_size": 4,

    "metrics": ["per_item_dialog_accuracy"],
    "validation_patience": 10,
    "val_every_n_epochs": 1,

    "log_every_n_batches": -1,
    "log_every_n_epochs": 1,
    "show_examples": false,
    "evaluation_targets": [
      "valid",
      "test"
    ],
    "class_name": "nn_trainer"
  },
  "metadata": {
    "variables": {
      "ROOT_PATH": "~/.deeppavlov",
      "DOWNLOADS_PATH": "{ROOT_PATH}/downloads",
      "MODELS_PATH": "{ROOT_PATH}/models"
    },
    "requirements": [
      "{DEEPPAVLOV_PATH}/requirements/tf.txt",
      "{DEEPPAVLOV_PATH}/requirements/fasttext.txt",
      "{DEEPPAVLOV_PATH}/requirements/spacy.txt",
      "{DEEPPAVLOV_PATH}/requirements/en_core_web_sm.txt"
    ],
    "labels": {
      "telegram_utils": "GoalOrientedBot",
      "server_utils": "GoalOrientedBot"
    },
    "download": [
      {
        "url": "http://files.deeppavlov.ai/datasets/dstc2_v2.tar.gz",
        "subdir": "{DOWNLOADS_PATH}/dstc2"
      }
    ]
  }
}
