{
  "dataset_reader": {
    "class_name": "line_reader",
    "data_path": "{DOWNLOADS_PATH}/wiki/wikitext_ru/ru.wiki.train.txt"
  },
  "dataset_iterator": {
    "class_name": "data_learning_iterator"
  },
  "chainer": {
    "in": "q",
    "pipe": [
      {
        "class_name": "ru_tokenizer",
        "id": "my_tokenizer",
        "in": "q",
        "lemmas": true,
        "out": "q_token_lemmas"
      },
      {
        "ref": "my_tokenizer",
        "in": "q_token_lemmas",
        "out": "q_lem"
      },
      {
        "in": [
          "q_lem"
        ],
        "out": [
          "q_vect"
        ],
        "fit_on": [
          "q_lem"
        ],
        "id": "tfidf_vec",
        "class_name": "sklearn_component",
        "save_path": "{MODELS_PATH}/vectorizer/tfidf_vectorizer_ruwiki.pkl",
        "load_path": "{MODELS_PATH}/vectorizer/tfidf_vectorizer_ruwiki.pkl",
        "model_class": "sklearn.feature_extraction.text:TfidfVectorizer",
        "infer_method": "transform"
      }
    ],
    "out": "q_vect"
  },
  "train": {
    "evaluation_targets": [],
    "class_name": "fit_trainer"
  },
  "metadata": {
    "variables": {
      "ROOT_PATH": "~/.deeppavlov",
      "DOWNLOADS_PATH": "{ROOT_PATH}/downloads",
      "MODELS_PATH": "{ROOT_PATH}/models"
    },
    "download": [
      {
        "url": "http://files.deeppavlov.ai/datasets/wikitext_ru.zip",
        "subdir": "{DOWNLOADS_PATH}/wiki"
      }
    ]
  }
}