{
  "dataset_reader": {
    "class_name": "faq_reader",
    "x_col_name": "Question",
    "y_col_name": "Answer",
    "data_url": "http://files.deeppavlov.ai/faq/school/faq_school.csv"
  },
  "dataset_iterator": {
    "class_name": "data_learning_iterator"
  },
  "chainer": {
    "in": "q",
    "pipe": [
      {
        "class_name": "ru_tokenizer",
        "id": "my_tokenizer",
        "in": "q",
        "lemmas": true,
        "out": "q_token_lemmas"
      },
      {
        "ref": "my_tokenizer",
        "in": "q_token_lemmas",
        "out": "q_lem"
      },
      {
        "in": [
          "q_lem"
        ],
        "out": [
          "q_vect"
        ],
        "fit_on": [
          "q_lem"
        ],
        "id": "tfidf_vec",
        "class_name": "sklearn_component",
        "save_path": "{MODELS_PATH}/vectorizer/tfidf_vectorizer_ruwiki.pkl",
        "load_path": "{MODELS_PATH}/vectorizer/tfidf_vectorizer_ruwiki.pkl",
        "model_class": "sklearn.feature_extraction.text:TfidfVectorizer",
        "infer_method": "transform"
      },
      {
        "in": [
          "q_vect"
        ],
        "out": [
          "y_pred"
        ],
        "fit_on": [
          "q_vect",
          "y"
        ],
        "class_name": "sklearn_component",
        "main": true,
        "save_path": "{MODELS_PATH}/faq/tfidf_logreg_classifier.pkl",
        "load_path": "{MODELS_PATH}/faq/tfidf_logreg_classifier.pkl",
        "model_class": "sklearn.linear_model:LogisticRegression",
        "infer_method": "predict",
        "C": {
          "search_choice": [
            1,
            10,
            100,
            1000
          ]
        },
        "penalty": {
          "search_choice": [
            "l1",
            "l2"
          ]
        }
      }
    ],
    "out": [
      "y_pred"
    ]
  },
  "train": {
    "metrics": [
      "accuracy"
    ],
    "evaluation_targets": [
      "valid"
    ],
    "class_name": "fit_trainer"
  },
  "metadata": {
    "variables": {
      "ROOT_PATH": "~/.deeppavlov",
      "DOWNLOADS_PATH": "{ROOT_PATH}/downloads",
      "MODELS_PATH": "{ROOT_PATH}/models"
    },
    "download": [
      {
        "url": "http://files.deeppavlov.ai/faq/school/tfidf_logreg_classifier.pkl",
        "subdir": "{MODELS_PATH}/faq"
      },
      {
        "url": "http://files.deeppavlov.ai/vectorizer/tfidf_vectorizer_ruwiki.pkl",
        "subdir": "{MODELS_PATH}/vectorizer"
      }
    ]
  }
}
