{
  "dataset_reader": {
    "class_name": "multi_squad_dataset_reader",
    "dataset": "MultiSQuADRuRetrClean",
    "url": "http://files.deeppavlov.ai/datasets/multi_squad_ru_retr_clean.tar.gz",
    "data_path": "{DOWNLOADS_PATH}/multi_squad_ru_retr_clean/"
  },
  "dataset_iterator": {
    "class_name": "multi_squad_retr_iterator",
    "seed": 1337,
    "shuffle": false,
    "with_answer_rate": 0.666
  },
  "chainer": {
    "in": ["context_raw", "question_raw"],
    "in_y": ["ans_raw", "ans_raw_start"],
    "pipe": [
      {
        "class_name": "bert_preprocessor",
        "vocab_file": "{DOWNLOADS_PATH}/bert_models/rubert_cased_L-12_H-768_A-12_v1/vocab.txt",
        "do_lower_case": false,
        "max_seq_length": 384,
        "in": ["question_raw", "context_raw"],
        "out": ["bert_features"]
      },
      {
        "class_name": "squad_bert_mapping",
        "do_lower_case": false,
        "in": ["context_raw", "bert_features"],
        "out": ["subtok2chars", "char2subtoks"]
      },
      {
        "class_name": "squad_bert_ans_preprocessor",
        "do_lower_case": false,
        "in": ["ans_raw", "ans_raw_start","char2subtoks"],
        "out": ["ans", "ans_start", "ans_end"]
      },
      {
        "class_name": "squad_bert_model",
        "bert_config_file": "{DOWNLOADS_PATH}/bert_models/rubert_cased_L-12_H-768_A-12_v1/bert_config.json",
        "pretrained_bert": "{DOWNLOADS_PATH}/bert_models/rubert_cased_L-12_H-768_A-12_v1/bert_model.ckpt",
        "save_path": "{MODELS_PATH}/multi_squad_ru_retr_bert/model_rubert_noans",
        "load_path": "{MODELS_PATH}/multi_squad_ru_retr_bert/model_rubert_noans",
        "keep_prob": 0.5,
        "learning_rate": 2e-05,
        "learning_rate_drop_patience": 3,
        "learning_rate_drop_div": 2.0,
        "in": ["bert_features"],
        "in_y": ["ans_start", "ans_end"],
        "out": ["ans_start_predicted", "ans_end_predicted", "logits", "score"]
      },
      {
        "class_name": "squad_bert_ans_postprocessor",
        "in": ["ans_start_predicted", "ans_end_predicted", "context_raw", "bert_features", "subtok2chars"],
        "out": ["ans_predicted", "ans_start_predicted", "ans_end_predicted"]
      }
    ],
    "out": ["ans_predicted", "ans_start_predicted", "score"]
  },
  "train": {
    "show_examples": false,
    "test_best": false,
    "validate_best": true,
    "log_every_n_batches": 250,
    "val_every_n_batches": 500,
    "batch_size": 17,
    "pytest_max_batches": 2,
    "validation_patience": 10,
    "metrics": [
      {
        "name": "squad_f1",
        "inputs": ["ans_raw", "ans_predicted"]
      },
      {
        "name": "squad_f1_1.1",
        "inputs": ["ans_raw", "ans_predicted"]
      },
      {
        "name": "exact_match",
        "inputs": ["ans_raw", "ans_predicted"]
      },
      {
        "name": "exact_match_1.1",
        "inputs": ["ans_raw", "ans_predicted"]
      }
    ],
    "tensorboard_log_dir": "{MODELS_PATH}/multi_squad_ru_retr_bert/logs_rubert"
  },
  "metadata": {
    "variables": {
      "ROOT_PATH": "~/.deeppavlov",
      "DOWNLOADS_PATH": "{ROOT_PATH}/downloads",
      "MODELS_PATH": "{ROOT_PATH}/models"
    },
    "requirements": [
      "{DEEPPAVLOV_PATH}/requirements/tf.txt"
    ],
    "labels": {
      "telegram_utils": "SquadModel",
      "server_utils": "SquadModel"
    },
    "download": [
      {
        "url": "http://files.deeppavlov.ai/deeppavlov_data/bert/rubert_cased_L-12_H-768_A-12_v1.tar.gz",
        "subdir": "{DOWNLOADS_PATH}/bert_models"
      },
      {
        "url": "http://files.deeppavlov.ai/deeppavlov_data/multi_squad_ru_retr_rubert.tar.gz",
        "subdir": "{MODELS_PATH}"
      }
      ]
  }
}