{
  "common_defaults": {
    "host": "0.0.0.0",
    "port": 5000,
    "model_endpoint": "/model",
    "model_args_names": ["context"],
    "https": false,
    "https_cert_path": "",
    "https_key_path": "",
    "stateful": false,
    "multi_instance": false
  },
  "telegram_defaults": {
    "token": ""
  },
  "ms_bot_framework_defaults": {
    "auth_polling_interval": 3500,
    "conversation_lifetime": 3600,
    "auth_app_id": "",
    "auth_app_secret": ""
  },
  "alexa_defaults": {
    "intent_name": "AskDeepPavlov",
    "slot_name": "raw_input",
    "start_message": "Welcome to DeepPavlov Alexa wrapper!",
    "unsupported_message": "Sorry, DeepPavlov can't understand it.",
    "conversation_lifetime": 3600
  },
  "model_defaults": {
    "DstcSlotFillingNetwork": {
      "host": "",
      "port": "",
      "model_endpoint": "/slot-fill",
      "model_args_names": ""
    },
    "EcommerceSkill": {
      "host": "",
      "port": "",
      "model_endpoint": "/ecommerce_skill",
      "model_args_names": ["query", "history", "state"]
    },
    "ErrorModel": {
      "host": "",
      "port": "",
      "model_endpoint": "/error-model",
      "model_args_names": ""
    },
    "GoalOrientedBot": {
      "host": "",
      "port": "",
      "model_endpoint": "/go-bot",
      "model_args_names": ""
    },
    "KerasIntentModel": {
      "host": "",
      "port": "",
      "model_endpoint": "/intents",
      "model_args_names": ""
    },
    "NER": {
      "host": "",
      "port": "",
      "model_endpoint": "/ner",
      "model_args_names": ""
    },
    "SquadModel": {
      "host": "",
      "port": "",
      "model_endpoint": "/squad",
      "model_args_names": ["context", "question"]
    },
    "ODQA": {
      "host": "",
      "port": "",
      "model_endpoint": "/odqa",
      "model_args_names": ""
    },
    "Ranker": {
      "host": "",
      "port": "",
      "model_endpoint": "/ranker",
      "model_args_names": ""
    }
  }
}
