{
  "dataset_reader": {
    "class_name": "dstc2_reader",
    "data_path": "{DOWNLOADS_PATH}/dstc2"
  },
  "dataset_iterator": {
    "class_name": "dstc2_ner_iterator",
    "dataset_path": "{DOWNLOADS_PATH}/dstc2"
  },
  "chainer": {
    "in": ["x"],
    "in_y": ["y"],
    "pipe": [
      {
        "in": ["x"],
        "class_name": "lazy_tokenizer",
        "out": ["x_tokens"]
      },
      {
        "in": ["x_tokens"],
        "config_path": "{CONFIGS_PATH}/ner/ner_dstc2.json",
        "out": ["x_tokens", "tags"]
      },

      {
        "in": ["x_tokens", "tags"],
        "class_name": "dstc_slotfilling",
        "threshold": 0.8,
        "save_path": "{MODELS_PATH}/slotfill_dstc2/dstc_slot_vals.json",
        "load_path": "{MODELS_PATH}/slotfill_dstc2/dstc_slot_vals.json",
        "out": ["slots"]
      }
    ],
    "out": ["slots"]
  },
  "train": {
    "metrics": ["slots_accuracy"],
    "class_name": "fit_trainer",
    "evaluation_targets": [
      "valid",
      "test"
    ]
  },
  "metadata": {
    "variables": {
      "ROOT_PATH": "~/.deeppavlov",
      "DOWNLOADS_PATH": "{ROOT_PATH}/downloads",
      "MODELS_PATH": "{ROOT_PATH}/models",
      "CONFIGS_PATH": "{DEEPPAVLOV_PATH}/configs"
    },
    "requirements": [
      "{DEEPPAVLOV_PATH}/requirements/tf.txt"
    ],
    "labels": {
      "telegram_utils": "NERModel",
      "server_utils": "DstcSlotFillingNetwork"
    },
    "download": [
      {
        "url": "http://files.deeppavlov.ai/deeppavlov_data/slotfill_dstc2.tar.gz",
        "subdir": "{MODELS_PATH}"
      }
    ]
  }
}
