{
  "dataset_reader": {
    "class_name": "dstc2_reader",
    "data_path": "{DOWNLOADS_PATH}/dstc2"
  },
  "dataset_iterator": {
    "class_name": "dstc2_ner_iterator",
    "dataset_path": "{DOWNLOADS_PATH}/dstc2"
  },
  "chainer": {
    "in": ["x"],
    "pipe": [
      {
        "in": ["x"],
        "class_name": "lazy_tokenizer",
        "out": ["x_tokens"]
      },
      {
        "in": ["x_tokens"],
        "class_name": "str_lower",
        "out": ["x_lower"]
      },
      {
        "in": ["x_lower"],
        "class_name": "slotfill_raw",
        "save_path": "{MODELS_PATH}/slotfill_dstc2/dstc_slot_vals.json",
        "load_path": "{MODELS_PATH}/slotfill_dstc2/dstc_slot_vals.json",
        "out": ["slots"]
      }
    ],
    "out": ["slots"]
  },
  "metadata": {
    "variables": {
      "ROOT_PATH": "~/.deeppavlov",
      "DOWNLOADS_PATH": "{ROOT_PATH}/downloads",
      "MODELS_PATH": "{ROOT_PATH}/models"
    },
    "requirements": [
      "{DEEPPAVLOV_PATH}/requirements/tf.txt"
    ],
    "labels": {
      "telegram_utils": "NERModel"
    },
    "download": [
      {
        "url": "http://files.deeppavlov.ai/deeppavlov_data/slotfill_dstc2.tar.gz",
        "subdir": "{MODELS_PATH}"
      }
    ]
  }
}
